Workbook

Sheet Sheet1
A1: SkinID | B1: Age range | C1: Gender | D1: Fitzpatrick Type | E1: BMI
A2: SKIN01 | B2: 20-29 | C2: Male | D2: 2 | E2: 25.5
A3: SKIN02 | B3: 30-39 | C3: Male | D3: 2 | E3: 29.9
A4: SKIN03 | B4: 40-49 | C4: Male | D4: 3 | E4: 27.5
A5: SKIN04 | B5: 20-29 | C5: Female | D5: 3 | E5: 22
A6: SKIN05 | B6: 20-29 | C6: Female | D6: 3 | E6: 21.5
A7: SKIN06 | B7: 70-79 | C7: Female | D7: 2 | E7: 21.6
A8: SKIN07 | B8: 30-39 | C8: Male | D8: 3 | E8: 27.7
A9: SKIN08 | B9: 30-39 | C9: Male | D9: 4 | E9: 24.6
A10: SKIN09 | B10: 50-59 | C10: Female | D10: 4 | E10: 21.9
A11: SKIN10 | B11: 60-69 | C11: Female | D11: 2 | E11: 26.6
A12: SKIN11 | B12: 50-59 | C12: Female | D12: 2 | E12: 18.5
A13: SKIN12 | B13: 70-79 | C13: Female | D13: 1 | E13: 19.1
... A27: SKIN26 | B27: 60-69 | C27: Male | D27: 5 | E27: 24.5
A28: SKIN28 | B28: 70-79 | C28: Female | D28: Vitiligo | E28: 28.7
A29: SKIN29 | B29: 40-49 | C29: Male | D29: 6 | E29: 22.5
A30: SKIN30 | B30: 40-49 | C30: Female | D30: Vitiligo | E30: 20.3
A31: SKIN31 | B31: 30-39 | C31: Male | D31: 6 | E31: 20.9
A32: SKIN32 | B32: 40-49 | C32: Male | D32: 5 | E32: 25.1
A33: SKIN33 | B33: 40-49 | C33: Male | D33: Vitiligo | E33: 28.5
A34: SKIN34 | B34: 60-69 | C34: Female | D34: Vitiligo | E34: 28.3
A35: SKIN35 | B35: 40-49 | C35: Female | D35: 6 | E35: 26.4
A36: SKIN36 | B36: 70-79 | C36: Male | D36: Vitiligo | E36: 20.2
A37: SKIN37 | B37: 60-69 | C37: Female | D37: Vitiligo | E37: 23.9
A38: SKIN38 | B38: 20-29 | C38: Female | D38: 6 | E38: 27.5
A39: SKIN39 | B39: 20-29 | C39: Male | D39: 5 | E39: 24.5
A40: SKIN40 | B40: 20-29 | C40: Male | D40: 6 | E40: 25.8
A41: SKIN41 | B41: 20-29 | C41: Male | D41: 6 | E41: 19.6
A42: SKIN42 | B42: 20-29 | C42: Female | D42: 5 | E42: 20.7
A43: SKIN43 | B43: 30-39 | C43: Female | D43: 5 | E43: 20.2

Sheet Sheet2
C1: Mean | D1: SD
B2: 1 | C2: {=AVERAGE(IF(Sheet1!D:D=Sheet2!B2,Sheet1!B:B))} -> #DIV/0! | D2: {=_xlfn.STDEV.S(IF(Sheet1!$D$2:$D$32=Sheet2!B2,Sheet1!$B$2:$B$32))} -> #DIV/0! | E2: {=MIN(IF(Sheet1!$D$2:$D$32=Sheet2!B2,Sheet1!$B$2:$B$32))} -> 0 | F2: {=MAX(IF(Sheet1!$D$2:$D$32=Sheet2!B2,Sheet1!$B$2:$B$32))} -> 0
B3: 2 | C3: {=AVERAGE(IF(Sheet1!D:D=Sheet2!B3,Sheet1!B:B))} -> #DIV/0! | D3: {=_xlfn.STDEV.S(IF(Sheet1!$D$2:$D$32=Sheet2!B3,Sheet1!$B$2:$B$32))} -> #DIV/0! | E3: {=MIN(IF(Sheet1!$D$2:$D$32=Sheet2!B3,Sheet1!$B$2:$B$32))} -> 0 | F3: {=MAX(IF(Sheet1!$D$2:$D$32=Sheet2!B3,Sheet1!$B$2:$B$32))} -> 0
B4: 3 | C4: {=AVERAGE(IF(Sheet1!D:D=Sheet2!B4,Sheet1!B:B))} -> #DIV/0! | D4: {=_xlfn.STDEV.S(IF(Sheet1!$D$2:$D$32=Sheet2!B4,Sheet1!$B$2:$B$32))} -> #DIV/0! | E4: {=MIN(IF(Sheet1!$D$2:$D$32=Sheet2!B4,Sheet1!$B$2:$B$32))} -> 0 | F4: {=MAX(IF(Sheet1!$D$2:$D$32=Sheet2!B4,Sheet1!$B$2:$B$32))} -> 0
B5: 4 | C5: {=AVERAGE(IF(Sheet1!D:D=Sheet2!B5,Sheet1!B:B))} -> #DIV/0! | D5: {=_xlfn.STDEV.S(IF(Sheet1!$D$2:$D$32=Sheet2!B5,Sheet1!$B$2:$B$32))} -> #DIV/0! | E5: {=MIN(IF(Sheet1!$D$2:$D$32=Sheet2!B5,Sheet1!$B$2:$B$32))} -> 0 | F5: {=MAX(IF(Sheet1!$D$2:$D$32=Sheet2!B5,Sheet1!$B$2:$B$32))} -> 0
B6: 5 | C6: {=AVERAGE(IF(Sheet1!D:D=Sheet2!B6,Sheet1!B:B))} -> #DIV/0! | D6: {=_xlfn.STDEV.S(IF(Sheet1!$D$2:$D$32=Sheet2!B6,Sheet1!$B$2:$B$32))} -> #DIV/0! | E6: {=MIN(IF(Sheet1!$D$2:$D$32=Sheet2!B6,Sheet1!$B$2:$B$32))} -> 0 | F6: {=MAX(IF(Sheet1!$D$2:$D$32=Sheet2!B6,Sheet1!$B$2:$B$32))} -> 0
B7: 6 | C7: {=AVERAGE(IF(Sheet1!D:D=Sheet2!B7,Sheet1!B:B))} -> #DIV/0! | D7: {=_xlfn.STDEV.S(IF(Sheet1!$D$2:$D$32=Sheet2!B7,Sheet1!$B$2:$B$32))} -> #DIV/0! | E7: {=MIN(IF(Sheet1!$D$2:$D$32=Sheet2!B7,Sheet1!$B$2:$B$32))} -> 0 | F7: {=MAX(IF(Sheet1!$D$2:$D$32=Sheet2!B7,Sheet1!$B$2:$B$32))} -> 0
B8: Vitiligo | C8: {=AVERAGE(IF(Sheet1!D:D=Sheet2!B8,Sheet1!B:B))} -> #DIV/0! | D8: {=_xlfn.STDEV.S(IF(Sheet1!$D$2:$D$32=Sheet2!B8,Sheet1!$B$2:$B$32))} -> #DIV/0! | E8: {=MIN(IF(Sheet1!$D$2:$D$32=Sheet2!B8,Sheet1!$B$2:$B$32))} -> 0 | F8: {=MAX(IF(Sheet1!$D$2:$D$32=Sheet2!B8,Sheet1!$B$2:$B$32))} -> 0
C9: =AVERAGE(Sheet1!B:B) -> #DIV/0! | D9: =_xlfn.STDEV.S(Sheet1!$B$2:$B$32) -> #DIV/0! | E9: =MIN(Sheet1!B:B) -> 0 | F9: =MAX(Sheet1!B:B) -> 0
